timestamp,sensor_id,temp,humidity,pressure,is_anomaly
2025-01-01T00:00:00Z,sensor_north_01,21.5,55.2,1013.9,0
2025-01-01T00:01:00Z,sensor_north_01,21.7,55.4,1013.8,0
2025-01-01T00:02:00Z,sensor_north_01,37.8,58.1,1014.2,1
2025-01-01T00:00:00Z,sensor_central_02,22.1,53.0,1012.7,0
2025-01-01T00:01:00Z,sensor_central_02,22.0,52.7,1012.6,0
2025-01-01T00:02:00Z,sensor_central_02,7.2,48.3,1012.4,1
2025-01-01T00:00:00Z,sensor_south_03,23.4,60.1,1011.9,0
2025-01-01T00:01:00Z,sensor_south_03,23.3,60.0,1011.8,0
2025-01-01T00:02:00Z,sensor_south_03,23.5,60.2,1011.9,0
